Name,Region,Website
10up,Worldwide,www.10up.com
15Five,"Europe, Americas",www.15five.com
18F,USA,www.18f.gsa.gov
1Password,"North America, UK",www.1password.com
37signals,Worldwide,www.37signals.com
3Blocks,Worldwide,www.3blocks.io
42 Technologies,Worldwide,www.42technologies.com
4day week,Not Know,www.4dayweek.io
90 Seconds,Worldwide,www.90seconds.com
abiturma,Germany,www.abiturma.de
Ably,Europe,www.ably.io
Abstract API,Worldwide,www.abstractapi.com
Acivilate,USA,www.acivilate.com
Acquia,Worldwide,www.acquia.com
ActiveCampaign,"Dublin, Ireland; USA",www.activecampaign.com
Ad Hoc,USA,www.adhocteam.us
Adaface,Asia,www.adaface.com
AddStructure,USA,www.bazaarvoice.com
Adeva,"Asia, Africa, Europe, South America, United States",www.adevait.com
Adzuna,Worldwide,www.adzuna.co.uk
AE Studio,"USA, BR",www.ae.studio
Aerolab,Latin America,www.aerolab.co
Aerostrat,USA,www.aerostratsoftware.com
Afrisplash,Not Know,www.afrisplash.com
AgFlow,Europe,www.agflow.com
Aha!,"North America, South America, United Kingdom, Ireland, Australia, South Africa",www.aha.io
Aiir,"USA, UK",www.aiir.com
Aijobster,Not Know,www.aijobster.work
Aim India,India,www.aimincorp.com
Airbyte,"Europe, North America, Latin America",www.airbyte.com
AirGarage,USA,www.airgarage.com
AirTreks,USA,www.airtreks.com
Aivitex,Germany,www.aivitex.com
Akamai,"USA, India",www.akamai.com
Akka,Worldwide,www.akka.io
Alami,Indonesia,www.alamisharia.co.id
Alan,Europe,www.alan.com
Algorand,USA,www.algorand.com
Algorithmia,North America,www.algorithmia.com
ALICE,Worldwide,www.aliceplatform.com
Alight Solutions,Worldwide,www.alight.com
Alley,"USA, Canada, Western Europe",www.alley.co
Allremote Jobs,Not Know,www.allremote.jobs
allyDVM,USA,www.allydvm.com
AlphaSights,"USA, UK, (EST, GMT)",www.engineering.alphasights.com
Amazon,Worldwide,www.amazon.jobs
Ambaum,"USA, Europe",www.ambaum.com
Andela,Worldwide,www.andela.com
Angel,Not Know,www.angel.co
Angularjobs,Not Know,www.angularjobs.com
Animalz,USA,www.animalz.co
Anjam Midam,Iran,www.anjammidam.com
Annertech,Ireland,www.annertech.com
Anomali,"USA, UK, Singapore",www.anomali.com
apartment therapy,USA,www.apartmenttherapy.com
App Enhancv,Not Know,www.app.enhancv.com
Appcues,Worldwide,www.appcues.com
Appen,"North America, Europe, Asia, Australia",www.appen.com
Appinio,Europe,www.appinio.com
Applaudo,Worldwide,www.applaudostudios.com
Applied AI Company (AAICO),Worldwide,www.aaico.com
Appstractor Corporation,"USA, UK, Israel",www.appstractor.com
Appwrite,Worldwide,www.appwrite.io
Arc Dev,Not Know,www.arc.dev
argyle,Worldwide,www.argyle.com
ARK,Worldwide,www.ark.io
Arkency,Worldwide,www.arkency.com
Art & Logic,"USA, Canada",www.artandlogic.com
Artefactual Systems,UTC-8 to UTC+2,www.artefactual.com
Articulate,Worldwide,www.articulate.com
Asana,Worldwide,www.asana.com
Astronomer,USA and India,www.astronomer.io
Atento,"Brazil, Mexico and EMEA",www.atento.gupy.io
Atlassian,"USA, Europe, Asia, Australia",www.atlassian.com
AtoZDebug,Worldwide,www.atozdebug.com
Audiense,Worldwide,www.audiense.com
Aula Education,Worldwide,www.aula.education
Auth0,Worldwide,www.auth0.com
Authentic jobs,Not Know,www.authenticjobs.com
Automattic,Worldwide,www.automattic.com
Axelerant,Worldwide,www.axelerant.com
Axios,USA,www.axios.com
Bairesdev,Worldwide,www.bairesdev.com
Balena,Worldwide,www.balena.io
Balsamiq,Worldwide,www.balsamiq.com
Bandcamp,Worldwide,www.bandcamp.com
BandLab,Worldwide,www.bandlab.com
Bandzoogle,Worldwide,www.bandzoogle.com
Baremetrics,Worldwide,www.baremetrics.com
Basecamp,Worldwide,www.basecamp.com
Bear Group,USA,www.beargroup.com
BeBanjo,Worldwide,www.bebanjo.com
Beefrii,Not Know,www.beefrii.com
BeenVerified,Worldwide,www.beenverified.com
Behance,Not Know,www.behance.net
Best Practical Solutions,Worldwide,www.bestpractical.com
Betable,"USA, Europe",www.corp.betable.com
BetaPeak,Worldwide,www.betapeak.com
BetterUp,USA,www.betterup.com
Beyond Company,Brazil,www.beyondcompany.com.br
BeyondPricing,"USA, Europe",www.beyondpricing.com
BharatPe,India,www.bharatpe.com
Big Cartel,USA,www.bigcartel.com
Bill,USA,www.bill.com
bilstein group,"Germany, UK, Portugal, Serbia",www.bilsteingroup.com
Bit Zesty,Worldwide,www.bitzesty.com
Bitnami,Worldwide,www.bitnami.com
Bitovi,Worldwide,www.bitovi.com
Bizink,Worldwide,www.bizinkonline.com
Blameless,North America,www.blameless.com
Bloc,North America,www.bloc.io
BlueCat Networks,North America,www.bluecatnetworks.com
Bluespark,USA,www.bluespark.com
Boldare,Worldwide,www.boldare.com
Bonsai,Worldwide,www.hellobonsai.com
Boooom,Not Know,www.boooom.co
Bounteous,Worldwide,www.bounteous.com
Brainstorm Force,Worldwide,www.brainstormforce.com
Bright Funds,USA,www.brightfunds.org
Brikl,"North America, Asia",www.brikl.com
BriteCore,"USA, Worldwide",www.britecore.com
Broadwing,Worldwide,www.broadwing.io
Buffer,Worldwide,www.buffer.com
Bugfender,Worldwide,www.bugfender.com
Builtin,Not Know,www.builtin.com
BuySellAds,Worldwide,www.buysellads.com
Cabify,Spain,www.cabify.com
Calamari,Poland,www.calamari.io
Calibre,Worldwide,www.calibreapp.com
CANCOM,"Germany, Austria, Slovakia",www.cancom.com
Canonical,Worldwide,www.canonical.com
Capchase,Worldwide,www.capchase.com
Capgemini,Worldwide,www.capgemini.com
Capital One,USA,www.capitalonecareers.com
Capmo,CET -4 / CET +4,www.capmo.com
Carbon Black,USA,www.carbonblack.com
Cards Against Humanity,USA,www.cardsagainsthumanity.com
CareCru,Worldwide,www.carecru.com
Careerbuilder,Not Know,www.careerbuilder.com
Careervault,Not Know,www.careervault.io
CareMessage,Worldwide,www.caremessage.org
Carmatec,"USA, India",www.carmatec.com
CartoDB,Worldwide,www.cartodb.com
CartStack,Worldwide,www.cartstack.com
Casumo,Europe,www.casumo.com
Celsius,Worldwide,www.celsius.network
ChainLink Labs,USA,www.chainlinklabs.com
Chargify,USA,www.chargify.com
charity: water,USA,www.charitywater.org
ChatGen,"India, USA",www.chatgen.ai
Checkly,Europe (CET -3 / CET +3),www.checklyhq.com
Chef,"USA, UK",www.chef.io
ChefsClub,Brazil,www.chefsclub.com.br
Chess,Worldwide,www.chess.com
Chroma,Worldwide,www.hichroma.com
CircleCI,Worldwide,www.circleci.com
Circonus,USA,www.circonus.com
Citizenremote,Not Know,www.citizenremote.com
CivicActions,Worldwide,www.civicactions.com
Civo,Worldwide,www.civo.com
Clevertech,Worldwide,www.clevertech.biz
ClickUp,Worldwide,www.clickup.com
Clojure jobboard,Not Know,www.clojurejobboard.com
Clojurejobboard,Not Know,www.ClojureJobboard.com
Clootrack,India,www.clootrack.com
Close,Worldwide,www.close.com
CloudApp,North America,www.getcloudapp.com
CloudEra,Worldwide,www.cloudera.com
CloudLinux,Worldwide,www.cloudlinux.com
Coalition Technologies,Worldwide,www.coalitiontechnologies.com
Code B Solutions,Worldwide,www.code-b.dev
Code Like a Girl,Australia,www.codelikeagirl.com
Codea IT,Worldwide,www.codeait.com
CodePen,Worldwide,www.codepen.io
CodeSandbox,Worldwide,www.codesandbox.io
Codeship,Worldwide,www.codeship.com
Cofense,USA,www.cofense.com
Coforma,USA,www.coforma.io
Cognizant,Worldwide,www.cognizant.com
Coinbase,Worldwide,www.coinbase.com
Coingape,India,www.coingape.com
Collabora,Worldwide,www.collabora.com
Comet,France,www.comet.co
Compose,Worldwide,www.compose.io
Compucorp,Worldwide,www.compuco.io
Connexa,Worldwide,www.connexa.com
ConsenSys,Worldwide,www.consensys.net
Consumer Financial Protection Bureau,USA,www.consumerfinance.gov
Continu,USA,www.continu.co
Conversio,Worldwide,www.conversio.com
Convert,Worldwide,www.convert.com
Coodesh,Brazil,www.coodesh.com
Core-Apps,USA,www.core-apps.com
CoreOS,USA,www.coreos.com
Corgibytes,USA East Coast,www.corgibytes.com
Coroflot,Not Know,www.coroflot.com
Cosmic Chimps,"Spain, México",www.cosmic-chimps.com
Coursera,"USA, Canada",www.coursera.org
Craigslist,Not Know,www.craigslist.org
CrateDB,Europe,www.cratedb.com
CrazyGames,Worldwide,www.crazygames.com
Crossover,Worldwide,www.crossover.com
Crowdstrike,Worldwide,www.crowdstrike.com
CrowdTangle,USA,www.crowdtangle.com
Crunchboard,Not Know,www.crunchboard.com
Crypto,Not Know,www.crypto.jobs
Cryptocurrency jobs,Not Know,www.cryptocurrencyjobs.co
Cryptojobs list,Not Know,www.cryptojobslist.com
Cueup,Worldwide,www.cueup.io
Customer.io,Worldwide,www.customer.io
Cuvette,Worldwide,www.cuvette.tech
CVS Health,USA,www.jobs.cvshealth.com
CWT,Worldwide,www.mycwt.com
Cyber jobhunt,Not Know,www.cyberjobhunt.in
Cyber Whale,Europe,www.cyberwhale.tech
Cybercoders,Not Know,www.cybercoders.com
Daily remote,Not Know,www.dailyremote.com
Daktronics,US,www.daktronics.com
DappRadar,Worldwide,www.dappradar.com
DareCode,Europe,www.darecode.com
DashboardHub,Worldwide,www.dashboardhub.io
Dashlane,Worldwide,www.dashlane.com
Data axy,Not Know,www.dataaxy.com
Data Science Brigade,Worldwide,www.dsbrigade.com
Data Science Dojo,Worldwide,www.datasciencedojo.com
DataCamp,Europe or comparable timezone,www.datacamp.com
Datadog,Worldwide (restricted locations),www.datadoghq.com
DataStax,Worldwide,www.datastax.com
Datica,USA,www.datica.com
Dave,USA,www.dave.com
DealDash,Worldwide,www.dealdash.com
Deel,Worldwide,www.deel.com
Delighted,Worldwide,www.delighted.com
Design Remotely,Not Know,www.designremotely.co
Designcode,Worldwide,www.designcode.io
Deskpass,Worldwide,www.deskpass.com
Dev Spotlight,Worldwide,www.devspotlight.com
Devops projects hq,Not Know,www.devopsprojectshq.com
Devsquad,Worldwide,www.devsquad.com
Dgraph,Americas,www.dgraph.io
Dice,Not Know,www.dice.com
DigitalOcean,Worldwide,www.digitalocean.com
Discord,USA,www.discord.com
Discourse,Worldwide,www.discourse.org
Diversify tech,Not Know,www.diversifytech.com
Diversifytech,Not Know,www.diversifytech.co
DNSimple,Worldwide,www.dnsimple.com
Docker,USA,www.docker.com
Doist,Worldwide,www.doist.com
Doit,Worldwide,www.doit.com
Dow Jones,USA,www.dowjones.com
Drawerrr,Not Know,www.drawerrr.com
Dribbble,Not Know,www.dribbble.com
DroneDeploy,Worldwide,www.dronedeploy.com
Dropbox,"Europe, North America",www.dropbox.com
Drupal Jedi,Worldwide,www.drupaljedi.com
DuckDuckGo,Worldwide,www.duckduckgo.com
Dynamitejobs,Not Know,www.dynamitejobs.com
Dynamitejobs,Not Know,www.dynamitejobs.co
DynaPictures,Worldwide,www.dynapictures.com
E Etekhdam,Iran,www.e-estekhdam.com
EarthOfDrones,Worldwide,www.earthofdrones.com
EatStreet,USA,www.eatstreet.com
EBSCO Information Services,USA,www.ebsco.com
Ebury,Worldwide,www.ebury.com
Eco-Mind,Italy,www.eco-mind.eu
Edgar,"USA, Canada",www.meetedgar.com
Edgio,Worldwide,www.edg.io
Edify,Worldwide,www.edify.cr
Edworking,Not Know,www.edworking.com
eFishery,Indonesia,www.efishery.com
Elastic,Worldwide,www.elastic.co
Elsewhen,UK,www.elsewhen.com
Embraer,Brazil,www.embraer.com
Emsisoft,Worldwide,www.emsisoft.com
Encora,Worldwide,www.careers.encora.com
EngineYard (Support Team),Worldwide,www.engineyard.com
Enjoei,Brazil,www.enjoei.com.br
Enok,USA,www.enok.co
Entrision,USA,www.entrision.com
Envato,Worldwide,www.envato.com
Envoy,"USA, Canada, Colombia",www.envoy.com
Epam,Worldwide,www.epam.com
Epic Games,Worldwide,www.epicgames.com
Epilocal,Worldwide,www.epilocal.com
Episource,USA,www.episource.com
Epsy Health,Worldwide,www.epsyhealth.com
Equal Experts Portugal,Europe,www.equalexperts.com
Ergeon,Worldwide,www.ergeon.com
Escapethecity,Not Know,www.escapethecity.org
Estately,USA,www.estately.com
Etch,"UK, Europe",www.etch.co
Etsy,Worldwide,www.etsy.com
Euremotejobs,Not Know,www.euremotejobs.com
Europe remotely,Not Know,www.europeremotely.com
EVELO,USA,www.evelo.com
Evil Martians,Worldwide,www.evilmartians.com
Evrone,Worldwide,www.evrone.com
Exoscale,Europe,www.exoscale.com
ExportData,Worldwide,www.exportdata.io
Extreme Networks,Worldwide,www.extremenetworks.com
Eyeo (Adblock Plus),Worldwide,www.eyeo.com
F6s,Not Know,www.f6s.com
FactorialHR,Worldwide,www.factorialhr.com
Fairwinds,North America,www.fairwinds.com
Faithlife,"USA, Mexico",www.faithlife.com
Fastly,Worldwide,www.fastly.com
FATMAP,Europe,www.about.fatmap.com
Fauna,Worldwide,www.fauna.com
FDTE,Brazil,www.fdte.org.br
Fetlife,Worldwide,www.fetlife.com
FFW Agency,Worldwide,www.ffwagency.com
Filament Group,USA,www.filamentgroup.com
Findasync,Not Know,www.findasync.com
Findbacon,Not Know,www.findbacon.com
Findem,UTC+ WorldWide,www.findem.ai
Findify,UTC+2 +- 2,www.findify.io
Findjobit,Not Know,www.findjobit.com
Findworkdev,Not Know,www.findwork.dev
Fingerprint,Worldwide,www.fingerprint.com
Fire Engine Red,Worldwide,www.fire-engine-red.com
Fireball Labs,Germany,www.fireballlabs.com
FireHire,WorldWide,www.firehire.ai
FIS GLOBAL,"USA, UK, Asia",www.fisglobal.com
Fiverr,"North America, Asia",www.fiverr.com
FivexL,Worldwide,www.fivexl.io
Fleetio,WorldWide,www.fleetio.com
Flex jobs,Not Know,www.flexjobs.com
Flexa,Not Know,www.flexa.com
Flexera,USA,www.flexera.com
FlightAware,USA,www.flightaware.com
Flip,Indonesia,www.flip.id
Flowing,Italy,www.flowing.it
FlowPath,USA,www.getflowpath.com
Fly.io,Worldwide,www.fly.io
FMX,USA,www.gofmx.com
Focusnetworks,Worldwide,www.focusnetworks.com.br
fohandboh,Worldwide,www.fohandboh.com
folotop,Worldwide,www.folotop.com
Formidable,"USA, Canada, UK, Europe",www.formidable.com
Formstack,Worldwide,www.formstack.com
Fossjobs,Not Know,www.fossjobs.net
Four Kitchens,"North America, Latin America",www.fourkitchens.com
Fraudio,Europe,www.fraudio.com
Freeagent,Worldwide,www.freeagent.com
Freel,Not Know,www.freel.ca
Freelancer,Not Know,www.freelancer.com
Freelancermap,Not Know,www.freelancermap.com
Freeletics,"Germany, Poland, Portugal",www.freeletics.com
Freshremote,Not Know,www.freshremote.work
Friday Finance,"Europe, Americas, Africa, Western Asia",www.fridayfinance.com
Frontend Developer Job,Not Know,www.frontenddeveloperjob.com
Fuel Made,Western North America,www.fuelmade.com
FullFabric,Europe,www.fullfabric.com
Functionaljobs,Not Know,www.functionaljobs.com
Functionize,Worldwide,www.functionize.com
Fyle,India,www.fylehq.com
Gaggle,USA,www.gaggle.net
Geckoboard,UK,www.geckoboard.com
General Assembly,Worldwide,www.generalassemb.ly
GEO Jobe,USA,www.geo-jobe.com
Gerencianet,Brazil,www.gerencianet.com.br
GFT,"Asia, Europe, Latin America, North America",www.gft.com
Ghost Foundation,Worldwide,www.ghost.org
Ghost Inspector,"North America, Latin America, Caribbean",www.ghostinspector.com
Giant,UK,www.giantmade.com
Giant Swarm,Europe,www.giantswarm.io
GigSalad,USA,www.gigsalad.com
Gitbook,France,www.gitbook.com
GitHub,Worldwide,www.github.com
GitLab,Worldwide,www.about.gitlab.com
GitPrime,Worldwide,www.gitprime.com
Glassdoor,Not Know,www.glassdoor.com
Glenn Website Design,Worldwide,www.glennwebsitedesign.com
Glitch,Worldwide,www.glitch.com
Gluware,"USA, UK",www.gluware.com
GMBapi,Worldwide,www.gmbapi.com
GoDaddy,Worldwide,www.godaddy.com
GoHiring,Worldwide,www.gohiring.com
Gojob,France,www.gojob.com
Golang projects,Not Know,www.golangprojects.com
Golangjob,Not Know,www.golangjob.xyz
Google,Not Know,www.google.com
Gorman Health Group,USA,www.conveyhealthsolutions.com
GotSoccer,USA,www.gotpro.com
Grafana Labs,USA and EMEA/EST Timezones,www.grafana.com
Granicus,"USA, UK, Australia, India",www.granicus.com
Graylog,Worldwide,www.graylog.org
GreenStitch.io,India,www.greenstitch.io
Gremlin,USA,www.gremlin.com
Gridium,USA,www.gridium.com
Groove,Worldwide,www.groovehq.com
Grou.ps,Worldwide,www.build.gr.ps
Growmotely,Not Know,www.growmotely.com
Grubhub,USA / Worldwide,www.grubhub.com
Gruntwork,Worldwide,www.gruntwork.io
GuideSmiths,Europe,www.guidesmiths.com
Gumtree,Not Know,www.gumtree.com
Guru,Not Know,www.guru.com
Hack Reactor Remote,Pacific Time Zone (PT),www.hackreactor.com
Hacker x,Not Know,www.hackerx.org
Hanzo,"USA, UK, Europe",www.hanzo.co
Happy Cog,USA,www.happycog.com
Harvest,Worldwide,www.getharvest.com
Has job,Not Know,www.hasjob.co
Hashex,"US, Asia, Europe",www.hashex.org
HashiCorp,"USA, CA, UK, DE, FR, NL, AU, JPN",www.hashicorp.com
HE:labs,Worldwide,www.helabs.com
Headforwards,UK,www.headforwards.com
Headway,USA,www.headway.io
Healthfinch,USA,www.healthfinch.com
Heap,Worldwide,www.heapanalytics.com
Heetch,Central Europe Time (CET) +/1h,www.heetch.com
Help Scout,Worldwide,www.helpscout.net
Heroku,"USA, CA, UK, Europe",www.heroku.com
Higher ed jobs,Not Know,www.higheredjobs.com
Himalayas,Not Know,www.himalayas.app
Hireology,USA,www.hireology.com
Hn Algolia,Not Know,www.hn.algolia.com
Hnhiring,Not Know,www.hnhiring.me
HomeFlicWeGrow,India,www.homeflicwegrow.com
HomeValet,USA,www.homevalet.co
Honeybadger,Worldwide,www.honeybadger.io
Honeycomb,Worldwide,www.honeycomb.tv
Hopper,"USA, CA, UK, BG, PH, CO",www.hopper.com
Hotjar,Worldwide,www.careers.hotjar.com
Hubspot,Worldwide,www.hubspot.com
Hudl,"USA, UK",www.hudl.com
Hugo,Worldwide,www.hugo.events
Human Made,Worldwide,www.hmn.md
HUSL Digital,USA,www.husldigital.com
Hypergiant,Worldwide,www.hypergiant.com
Hyperion,South Africa,www.hyperiondev.com
Hypothesis,Worldwide,www.hypothes.is
IBM,Worldwide,www.ibm.com
iClinic,Brazil,www.iclinic.com.br
Idealist,Not Know,www.idealist.org
IDoneThis,Worldwide,www.idonethis.com
iFit,USA,www.ifit.com
Igalia,Europe,www.igalia.com
Iloveremote,Not Know,www.iloveremote.io
Imagine Learning,USA,www.imaginelearning.com
Impala,Europe,www.getimpala.com
Impira,USA,www.impira.com
Implisense,Germany,www.implisense.com
Incsub,Worldwide,www.incsub.com
Indeed,Worldwide,www.indeed.com
Infinite Red,"USA, CA",www.infinite.red
InfluxData,"USA, UK, DE, IT",www.influxdata.com
InQuicker,"USA, CA",www.inquicker.com
Inshorts,India,www.inshorts.com
Instamobile,Worldwide,www.instamobile.io
Instructure,"Europe, North America, Oceania",www.instructure.com
Intellum,USA,www.intellum.com
Intent,"Europe, Africa",www.withintent.com
Inter.link,Worldwide,www.inter.link
Interactive Intelligence,Worldwide,www.inin.com
Intercom,Worldwide,www.intercom.io
Interpersonal Frequency (I.F.),Worldwide,www.ifsight.com
Intevity,USA,www.intevity.com
Intuit Inc.,Worldwide,www.intuit.com
"Intuition Machines, Inc",Worldwide,www.imachines.com
Invesco,Worldwide,www.invesco.com
IOHK,Worldwide,www.iohk.io
IOpipe,USA,www.iopipe.com
iOS App Templates,Worldwide,www.iosapptemplates.com
IPInfo,Worldwide,www.ipinfo.io
"IPS Group, Inc.",USA,www.ipsgroupinc.com
IQVIA,Worldwide,www.jobs.iqvia.com
Iran Estekhdam,Iran,www.iranestekhdam.ir
Iran Talent,Iran,www.irantalent.com
iRonin,Worldwide,www.ironin.it
I-Stem,India,www.istemai.com
Iterative,Worldwide,www.iterative.ai
iwantmyname,Worldwide,www.iwantmyname.com
Jackson River,USA,www.jacksonriver.com
Javajobs,Not Know,www.javajobs.pro
Jaya Tech,Worldwide,www.jaya.tech
JBS Custom Software Solutions,USA,www.jbssolutions.com
Jitbit,Worldwide,www.jitbit.com
Jitera,Worldwide,www.iruuza-inc.com
Job Inja,Iran,www.jobinja.ir
Job Vision,Iran,www.jobvision.ir
Jobgether,Not Know,www.jobgether.com
Jobhunt,Not Know,www.jobhunt.ai
Jobs,Not Know,www.jobs.drupal.org
Jobs Adafruit,Not Know,www.jobs.adafruit.com
Jobs Codeforamerica,Not Know,www.jobs.codeforamerica.org
Jobs collider,Not Know,www.jobscollider.com
Jobs Mashable,Not Know,www.jobs.mashable.com
Jobs presso,Not Know,www.jobspresso.co
Jobs Remotive,Not Know,www.jobs.remotive.io
Jobs Rubynow,Not Know,www.jobs.rubynow.com
Jobs Smashing Magazine,Not Know,www.jobs.smashingmagazine.com
Jobs Thegiin,Not Know,www.jobs.thegiin.org
Jobs Wordpress,Not Know,www.jobs.wordpress.net
Jobsfactor,Not Know,www.jobsfactor.eu
Jobsity,"USA, LATAM",www.recruitment.jobsity.com
Jolly Good Code,Worldwide,www.jollygoodcode.com
JOOR,Europe,www.joor.com
journy.io,Europe,www.journy.io
Joyent,"USA, UK, Canada, SK, SG",www.joyent.com
Jsremotely,Not Know,www.jsremotely.com
JupiterOne,USA,www.jupiterone.com
Just remote,Not Know,www.justremote.co
Kaggle,Worldwide,www.kaggle.com
Kar Boom,Iran,www.karboom.io
Kar Lancer,Iran,www.karlancer.com
Karat,Worldwide,www.karat.com
Kaufland e-commerce,Europe UTC-1 to UTC+2,www.kaufland-ecommerce.com
kea,North and Latin America,www.kea.ai
Keen IO,,www.keen.io
Kentik,"USA, Europe, APAC",www.kentik.com
Kestra,France,www.kestra.io
Khan Academy,USA,www.khanacademy.org
KickBack Rewards Systems,USA,www.careers.kickbacksystems.com
Kijiji,Not Know,www.kijiji.ca
Kinsta,Worldwide,www.kinsta.com
Kiprosh,"USA, India",www.kiprosh.com
Kissmetrics,Worldwide,www.kissmetrics.com
Klanik,"Europe, USA",www.klanik.com
Klaviyo,"USA, UK",www.klaviyo.com
Knack,USA,www.knack.com
Kodify,Worldwide,www.kodify.io
Koding,Worldwide,www.koding.com
Komoot,Worldwide,www.komoot.com
Kona,Worldwide,www.heykona.com
Konkurenta,EU,www.konkurenta.com
Kraken,Worldwide,www.kraken.com
Krop,Not Know,www.krop.com
Kuali,USA,www.kuali.co
Labelbox,Worldwide,www.labelbox.com
Lambda School,"USA, Europe",www.lambdaschool.com
Lambert Labs,UK,www.lambertlabs.com
Landing,Not Know,www.landing.jobs
Lara jobs,Not Know,www.larajobs.com
LaterPay,Worldwide,www.laterpay.net
Launch Potato,Worldwide,www.launchpotato.com
Leadership Success,Worldwide,www.leadershipsuccess.co
Leadfeeder,"Europe, North America",www.leadfeeder.com
LeadIQ,Worldwide,www.leadiq.com
Let's Encrypt,"USA, Canada",www.letsencrypt.org
Letsworkremotely,Not Know,www.letsworkremotely.com
Lifen,"France, Germany, UK",www.lifen.health
Lifetime Value Company,Worldwide,www.ltvco.com
Lightspeed,Worldwide,www.lightspeedhq.com
Linaro,Worldwide,www.linaro.org
Lincoln Loop,USA,www.lincolnloop.com
LINE Plus Corporation,Republic of Korea,www.linepluscorp.com
Link11,Germany,www.link11.com
Linkedin,Not Know,www.linkedin.com
Linux Foundation,Worldwide,www.linuxfoundation.org
LionSher,Worldwide,www.lionsher.com
Litmus,Worldwide,www.litmus.com
LivePerson,Worldwide,www.liveperson.com
Lnkd,Not Know,www.lnkd.in
Loadsys Web Strategies,USA,www.loadsys.com
Localistico,Worldwide,www.localistico.com
Locus Robotics,Worldwide,www.locusrobotics.com
LogDNA,Worldwide,www.logdna.com
LogRocket,USA,www.logrocket.com
Lullabot,Worldwide,www.lullabot.com
Luxoft,Worldwide,www.luxoft.com
Lyseon Tech,Brazil,www.lt.coop.br
Lytx,USA,www.lytx.com
madewithlove,UTC-5 to UTC+3,www.madewithlove.com
Madisoft,Italy,www.labs.madisoft.it
MailerLite,Worldwide,www.mailerlite.com
Manifold,UTC-9 to UTC+1,www.manifold.co
Mapbox,Worldwide,www.mapbox.com
Marco Polo,North America,www.marcopolo.me
Marketade,USA,www.marketade.com
MarsBased,Worldwide,www.marsbased.com
Massive Pixel Creation,Poland,www.massivepixel.io
Maxicus,India,www.maxicus.com
Mayven Studios,Worldwide,www.mayvenstudios.com
Mayvue,USA,www.mayvue.com
Mediacurrent,USA,www.mediacurrent.com
Mediavine,USA,www.mediavine.com
Medium,USA,www.medium.com
Memberful,Worldwide,www.memberful.com
Memory,Worldwide,www.memory.ai
Mercari,Japan,www.about.mercari.com
Merico,Worldwide,www.merico.dev
MeridianLink,USA,www.meridianlink.com
MessageBird,Worldwide,www.messagebird.com
MetaLab,Worldwide,www.metalab.co
MetaMask,Worldwide,www.metamask.io
MeteorOps,Worldwide,www.meteorops.com
Microsoft,Worldwide,www.microsoft.com
Mindful,Worldwide,www.getmindful.com
Mixcloud,Europe,www.mixcloud.com
Mixmax,Worldwide,www.mixmax.com
MixRank,Worldwide,www.mixrank.com
Moai jobs,Not Know,www.moaijobs.com
Mobile Jazz,Worldwide,www.mobilejazz.com
Modern Health,USA,www.modernhealth.com
Modern Tribe,Worldwide,www.tri.be
Modsquad,Worldwide,www.modsquad.com
Molteo,Worldwide,www.molteo.com
MongoDB,Worldwide,www.mongodb.com
Monster,Not Know,www.monster.com
Monthly,North America,www.monthly.com
Mozilla,North America,www.mozilla.org
mtc.,"UK, Europe",www.mtcmedia.co.uk
Muck Rack,Worldwide,www.muckrack.com
Mux,Worldwide,www.mux.com
Mycelium,"North America, Europe, Oceania",www.mycelium.ventures
MySQL,Worldwide,www.mysql.com
Nagarro,Worldwide,www.nagarro.com
Namecheap,Worldwide,www.namecheap.com
Nationwide,USA,www.nationwide.com
Nerdwallet,"USA, England",www.nerdwallet.com
NetApp,Worldwide,www.netapp.com
Netguru,Worldwide,www.netguru.com
Netris,Worldwide,www.netris.io
Netsparker,Worldwide,www.netsparker.com
Nettl Edinburgh,"UK, Europe",www.webdesignedinburgh.com
New Context,USA,www.newcontext.com
News Ycombinator,Not Know,www.news.ycombinator.com
NEXT,USA,www.nexttrucking.com
No Code No Problem,Worldwide,www.nocodenoprob.com
Nocommute,Not Know,www.nocommute.com
Nodesk,Not Know,www.nodesk.co
NodeSource,Worldwide,www.nodesource.com
Nofluff jobs,Not Know,www.nofluffjobs.com
NoRedInk,UTC-8 to UTC+1,www.noredink.com
Novisajobs,Not Know,www.novisajobs.com
Novoda,"UK, Europe",www.novoda.com
npm,USA,www.npmjs.com
Nten,Not Know,www.nten.org
Nuage,India,www.nuagebiz.tech
Nuharbor Security,USA,www.nuharborsecurity.com
Nuna,USA,www.nuna.com
Nvidia,Worldwide,www.nvidia.com
Ocient,"USA, Europe, India",www.ocient.com
Octopus Deploy,Worldwide,www.octopus.com
Oddball,USA,www.oddball.io
Okjob,Not Know,www.okjob.io
Okta,Worldwide,www.okta.com
Olark,UTC-8 to UTC+1,www.olark.com
Olist,Brazil,www.olist.com
Ollie,USA,www.myollie.com
Ollie Order,Canada,www.ollieorder.com
Olo,USA,www.olo.com
OmbuLabs,Worldwide,www.ombulabs.com
OmniTI,USA,www.omniti.com
Onna,"USA, Europe",www.onna.com
OnTheGoSystems,Worldwide,www.onthegosystems.com
Opencity Labs,Italy,www.opencitylabs.it
OpenCraft,Worldwide,www.opencraft.com
OpenZeppelin,Worldwide,www.openzeppelin.com
Optoro,Worldwide,www.optoro.com
Oracle,Worldwide,www.oracle.com
Ordermentum,Australia,www.ordermentum.com
O'Reilly Media,"USA, UK, JPN, CHN",www.oreilly.com
Otta,Not Know,www.otta.com
Our-Hometown Inc.,USA,www.our-hometown.com
Outsourcely,Not Know,www.outsourcely.com
OutsourcingDev,Worldwide,www.outsourcingdev.com
Over,Worldwide,www.madewithover.com
Packlink,UTC+2,www.packlink.com
Pagepro,"UK, PL, Europe",www.pagepro.co
PagerDuty,USA,www.pagerduty.com
Paktor,Worldwide,www.gopaktor.com
Palantir.net,USA,www.palantir.net
Pangian,Not Know,www.pangian.com
Panther Labs,"USA, Greece",www.runpanther.io
Parabol,Worldwide,www.parabol.co
Parexel,Worldwide,www.parexel.com
Park Assist,UTC-8 to UTC+2,www.tech.parkassist.com
Pars Coders,Iran,www.parscoders.com
Pars Freelancer,Iran,www.parsfreelancer.com
Parsely,Worldwide,www.parse.ly
Particular Software,Worldwide,www.particular.net
Pathable,Worldwide,www.pathable.com
Payfully,Worldwide,www.payfully.co
Paylocity,USA,www.paylocity.com
PayPay Corporation,Japan,www.about.paypay.ne.jp
PayScale,USA,www.payscale.com
Paytm Labs,"Canada, USA",www.paytmlabs.com
PayU,Worldwide,www.corporate.payu.com
Peachworks,USA,www.getbeyond.com
Peoplefirst Jobs,Not Know,www.people-first.jobs
Percona,Worldwide,www.percona.com
Pex,Worldwide,www.pex.com
Picpay,Brazil,www.picpay.com
Pindrop,US,www.pindrop.com
Plai,"Europe, North America",www.plai.team
Platform Builders,Worldwide,www.platformbuilders.io
Platform.sh,Worldwide,www.platform.sh
Pleo,East American / European / African timezones,www.pleo.io
Plex,Worldwide,www.plex.tv
PNC Financial Services,USA,www.pnc.com
Polygon,Worldwide,www.polygon.technology
Ponisha,Iran,www.ponisha.ir
Positiwise,"India, USA",www.positiwise.com
Power to fly,Not Know,www.powertofly.com
PowerSchool,North America / India,www.powerschool.com
Pragma,Latin America,www.pragma.co
Precision Nutrition,Worldwide,www.precisionnutrition.com
Predict Mobile,UK,www.predictmobile.com
Prelude,USA,www.prelude.co
PreviousNext,Australia,www.previousnext.com.au
Prezi,"Europe, North America",www.prezi.com
Prezly,Worldwide,www.prezly.com
PricewaterhouseCoopers,USA,www.pwc.com
Primer,Worldwide,www.primer.io
Primotly,Worldwide,www.primotly.com
Prisma,Worldwide,www.prisma.io
PrivacyCloud,Spain,www.privacycloud.com
Privacyfirstjobs,Not Know,www.privacyfirstjobs.com
Procenge Tecnologia,Brazil,www.procenge.com.br
Procurify,Canada,www.procurify.com
Producthunt,Not Know,www.producthunt.com
Progress Engine,Worldwide,www.progress-engine.com
Prominent Edge,Worldwide,www.prominentedge.com
Puppet,Worldwide,www.puppet.com
Py jobs,Not Know,www.pyjobs.com
Python,Not Know,www.python.org
Qatium,Spain,www.qatium.com
Quaderno,Europe,www.quaderno.io
Quantify,Worldwide,www.quantifyhq.com
QuestDB,Worldwide,www.questdb.io
QuickTrials,Worldwide,www.quicktrials.com
Quora,Worldwide,www.quora.com
Rackspace,Worldwide,www.rackspace.com
Raft,USA,www.goraft.tech
Railscarma,"USA, India",www.railscarma.com
Rainforest QA,Worldwide,www.rainforestqa.com
Rakuten Travel Xchange,Worldwide,www.solutions.travel.rakuten.com
Ramp,Worldwide,www.ramp.com
Ratracerebellion,Not Know,www.ratracerebellion.com
React Jobs,Not Know,www.react-jobs.com
Reaction Commerce,Worldwide,www.reactioncommerce.com
"ReactiveOps, Inc.",USA,www.reactiveops.com
RealtimeCRM,Worldwide,www.realtimecrm.co.uk
Realwork from anywhere,Not Know,www.realworkfromanywhere.com
RebelMouse,Worldwide,www.rebelmouse.com
Reboot Studio,Worldwide,www.reboot.studio
ReCharge,Worldwide,www.rechargepayments.com
Recurly,USA,www.recurly.com
Red Hat,Worldwide,www.redhat.com
Reddit,USA,www.redditinc.com
Reddit,Not Know,www.reddit.com
Redlio Designs,Worldwide,www.redliodesigns.com
RedMonk,Worldwide,www.redmonk.com
Redox,USA,www.redoxengine.com
Reducer,UK,www.reducer.co.uk
reinteractive,Worldwide,www.reinteractive.com
Remote,Not Know,www.remote.co
Remote,Not Know,www.remote.works-hub.com
Remote,Not Know,www.Remote.co
Remote 4me,Not Know,www.remote4me.com
Remote backend jobs,Not Know,www.remotebackendjobs.com
Remote es,Not Know,www.remotees.com
Remote freelance,Not Know,www.remotefreelance.com
Remote frontend jobs,Not Know,www.remotefrontendjobs.com
Remote game jobs,Not Know,www.remotegamejobs.com
Remote Garage,India,www.remotegarage.club
Remote habits,Not Know,www.remotehabits.com
Remote jobs,Not Know,www.remotejobs.lat
Remote ok,Not Know,www.remoteok.com
Remote people,Not Know,www.remotepeople.io
Remote rocketship,Not Know,www.remoterocketship.com
RemoteBase,Worldwide,www.remotebase.com
Remotecom,Not Know,www.remote.com
Remotehub,Not Know,www.remotehub.io
Remoteimpactjobs,Not Know,www.remoteimpactjobs.org
Remoteindex,Not Know,www.remoteindex.co
Remoteineurope,Not Know,www.remoteineurope.eu
Remoteintech Company,Not Know,www.remoteintech.company
Remoteio,Not Know,www.remote.io
Remoteleaf,Not Know,www.remoteleaf.com
RemoteMore,WorldWide,www.remotemore.com
Remoteok,Not Know,www.remoteok.io
Remotepoc,Not Know,www.remotepoc.com
Remoteprjobs,Not Know,www.remoteprjobs.com
Remotepython,Not Know,www.remotepython.com
Remoterebellion,Not Know,www.remoterebellion.com
Remoters,Not Know,www.remoters.me
Remotesome,Not Know,www.remotesome.com
Remotesource,Not Know,www.remotesource.io
Remotetechwork,Not Know,www.remotetechwork.com
Remotetify,Not Know,www.remotetify.com
Remotewoman,Not Know,www.remotewoman.com
Remoteworkjunkie,Not Know,www.remoteworkjunkie.com
Remotewx,Not Know,www.remotewx.com
Remoteyeah,Not Know,www.remoteyeah.com
Remotists,Not Know,www.remotists.com
Remotive,Not Know,www.remotive.com
Remotive,Not Know,www.remotive.io
Renaissance,United States,www.renaissance.com
RenoFi,Worldwide,www.renofi.com
Replit,Worldwide,www.replit.com
Research Square,USA,www.researchsquare.com
Revolgy,"Europe, the Middle East, Africa",www.revolgy.com
Revolut,Worldwide,www.revolut.com
Roadpass Digital,USA,www.roadpass.com
Roadtrippers,USA,www.roadtrippers.com
Rocket.Chat,Worldwide,www.rocket.chat
Rootstockjobs,Not Know,www.rootstockjobs.com
rtCamp,Worldwide,www.rtcamp.com
Ruby on remote,Not Know,www.rubyonremote.com
Rustjob,Not Know,www.rustjob.xyz
SadaPay,Pakistan,www.sadapay.pk
Safeguard Global,Worldwide,www.safeguardglobal.com
Salesforce,Worldwide,www.salesforce.com
Sandhills Development,Worldwide,www.sandhillsdev.com
Sardine.ai,Worldwide,www.sardine.ai
Scalac,Worldwide,www.scalac.io
Scandit,Worldwide,www.scandit.com
Schnell Solutions Limited,United Kingdom,www.bespokesoftwaredevelopment.com
Scopic Software,Worldwide,www.scopicsoftware.com
ScrapingBee,Worldwide,www.scrapingbee.com
Scrapinghub,Worldwide,www.scrapinghub.com
ScyllaDB,Worldwide,www.scylladb.com
Seaplane,Worldwide,www.seaplane.io
Search Remotely,Not Know,www.searchremotely.com
Search Remotely,Not Know,www.searchremotely.com 
SearchApi,Worldwide,www.searchapi.io
SeatGeek,"UK, USA, Israel, Denmark, Germany",www.seatgeek.com
SecurityScorecard,UTC -3 to -5,www.securityscorecard.com
Seeq,"USA, Worldwide",www.seeq.com
Semaphore,Europe,www.semaphoreci.com
Sendwave,Worldwide,www.sendwave.com
SerpApi,Worldwide,www.serpapi.com
Server Density,Europe,www.serverdensity.com
ServMask,Worldwide,www.servmask.com
Session,Worldwide,www.getsession.com
Shareup,Europe,www.shareup.app
Shattered Silicon,Worldwide,www.shatteredsilicon.net
Shippabo,North America,www.shippabo.com
Shogun,Worldwide,www.getshogun.com
Shopify,Worldwide,www.shopify.com
Sigma Defense,USA,www.sigmadefense.com
SignEasy,Worldwide,www.signeasy.com
Silverfin,Worldwide,www.silverfin.com
simplabs,"Europe, Americas",www.simplabs.com
SimpleTexting,Worldwide,www.simpletexting.com
Simply hired,Not Know,www.simplyhired.com
Six to Start,Worldwide,www.sixtostart.com
Sketch,Europe and North America,www.sketch.com
Skillcrush,Worldwide,www.skillcrush.com
Skillshare,Worldwide,www.skillshare.com
Skip the chive,Not Know,www.skipthechive.com
Skip the drive,Not Know,www.skipthedrive.com
Skoll,Not Know,www.skoll.org
Skyrocket Ventures,Worldwide,www.skyrocketventures.com
Slashjobs,Not Know,www.slashjobs.com
Slasify,Not Know,www.slasify.com
SmartCash,Worldwide,www.smartcash.cc
Smashingmagazine,Not Know,www.smashingmagazine.com
Smile.io,Worldwide,www.smile.io
Smmile Digital,Singapore,www.smmile.com
Smoothremote,Not Know,www.smoothremote.com
SmugMug,Worldwide,www.smugmug.com
Socket Supply Co.,Worldwide,www.socketsupply.co
SoftwareMill,Europe,www.softwaremill.com
Sommo,Worldwide,www.sommo.io
Sonatype,Worldwide,www.sonatype.com
Soostone,USA,www.soostone.com
Soshace,Worldwide,www.soshace.com
Spoqa,"Republic of Korea, Japan",www.spoqa.co.kr
Spotify,Worldwide,www.spotify.com
Spreaker,"USA, Europe",www.spreaker.com
Spreedly,USA,www.spreedly.com
Spruce,"North America, Latin America",www.getspruce.com
Stack Exchange,Worldwide,www.stackexchange.com
Stack overflow,Not Know,www.stackoverflow.com
Stairlin,Worldwide,www.stairlin.com
Startup Jobs,Not Know,www.startup.jobs
Startupers,Not Know,www.startupers.com
Startus,Not Know,www.startus.cc
Status,Worldwide,www.status.im
Stellenanzeigen,Not Know,www.stellenanzeigen.de
Stencil,"USA, Canada",www.getstencil.com
Sticker Mule,Worldwide,www.stickermule.com
Stitch Fix,USA,www.stitchfix.com
StoneCo,Brazil,www.stone.co
StormX,Worldwide,www.stormx.io
Strapi,Worldwide,www.strapi.io
StreamNative,Worldwide,www.streamnative.io
Stripe,Worldwide,www.stripe.com
StudySoup,Worldwide,www.studysoup.com
Superplayer & Co,"Brazil, Latin America",www.superplayer.company
Surevine,UK,www.surevine.com
SUSE,Worldwide,www.suse.com
Sutherland CloudSource,Worldwide,www.sutherlandcloudsource.com
Svix,"USA, Europe",www.svix.com
SweetRush,Worldwide,www.sweetrush.com
Swiggy,India,www.swiggy.com
Swimlane,USA,www.swimlane.com
Swiss dev jobs,Not Know,www.swissdevjobs.ch
Syde,Worldwide,www.syde.com
Sysdig?,USA,www.sysdig.com
Tag1 Consulting,Worldwide,www.tag1consulting.com
Taledo,Europe,www.taledo.com
Talent Hubstaff,Not Know,www.talent.hubstaff.com
Talenteum Africa,Not Know,www.talenteum.africa
Taplytics,"USA, Canada",www.taplytics.com
Taskade,Worldwide,www.taskade.com
TatvaSoft,Worldwide,www.tatvasoft.com
TaxJar,USA,www.taxjar.com
Teamflow,Worldwide,www.teamflowhq.com
TeamSnap,USA,www.teamsnap.com
TeamUltra,UK,www.computacenter.com
Techjobsforgood,Not Know,www.techjobsforgood.com
Techjunction,Not Know,www.techjunction.co
Techmeabroad,Not Know,www.techmeabroad.com
TED,"USA, CA, Brazil",www.ted.com
Teleport,USA< Europe,www.teleport.org
Telerik,Worldwide,www.telerik.com
Telestax,Worldwide,www.telestax.com
Tenable,"Worldwide, Primarily USA",www.tenable.com
Teravision Technologies,Latin America,www.teravisiontech.com
Test Double,North America,www.testdouble.com
TestGorilla,Worldwide,www.testgorilla.com
The Crafters Lab,Worldwide,www.thecrafterslab.eu
The Grid,Worldwide,www.thegrid.io
The Home Depot,USA,www.careers.homedepot.com
The Planet Group,Worldwide,www.theplanetgroup.com
The Publisher Desk,"UK, USA",www.publisherdesk.com
The Scale Factory,UK,www.scalefactory.com
The Wirecutter,Worldwide,www.thewirecutter.com
Theimpactjob,Not Know,www.theimpactjob.com
Themuse,Not Know,www.themuse.com
TheoremOne,UTC-10 to UTC+2,www.theoremone.co
Theremotenurse,Not Know,www.theremotenurse.com
Thinkful,WorldWide,www.thinkful.com
Third Iron,USA,www.thirdiron.com
Thorn,USA,www.thorn.org
Thrive Market,USA,www.thrivemarket.com
Tide,"UK, Europe, India",www.tide.co
TimeSpot,Worldwide,www.timespothq.com
Tipe,USA,www.tipe.io
Toast,"USA, Ireland",www.pos.toasttab.com
toggl,Worldwide,www.toggl.com
Toptal,Worldwide,www.toptal.com
Torre,Not Know,www.torre.com
Tower,Worldwide,www.git-tower.com
Tractionboard ?,USA,www.tractionboard.io
Transfeera,Brazil,www.transfeera.com
Transition Technologies - Advanced Solutions,Poland,www.tt.com.pl
Transloadit,Worldwide,www.transloadit.com
Travis,Worldwide,www.travistravis.co
Travis CI,Worldwide,www.travis-ci.org
Treehouse,USA,www.teamtreehouse.com
Trello,"Asia, Europe, North America, Oceania",www.trello.com
Truelogic,Latin America,www.truelogicsoftware.com
TrussWorks,USA,www.truss.works
Tuft & Needle,USA,www.tuftandneedle.com
Turing,Worldwide,www.turing.com
Twilio,Worldwide,www.twilio.com
Two,"USA, India, Korea",www.two.ai
Typer Iran,Iran,www.typeiran.com
Udacity,Worldwide,www.udacity.com
Uhuru,Worldwide,www.uhurunetwork.com
Ui ux designer jobs,Not Know,www.uiuxdesignerjobs.com
Uncapped,"Europe, USA",www.weareuncapped.com
Underwearworker,Not Know,www.underwearworker.com
Untalent,Not Know,www.untalent.org
Upstack,Not Know,www.upstack.co
Upwork Pro,North America,www.upwork.com
Upworthy,"Worldwide, Time Zone: PST, PDT",www.upworthy.com
USAA,USA,www.usaa.com
Usajobs,Not Know,www.usajobs.gov
Ushahidi,Worldwide,www.ushahidi.com
uShip,USA,www.uship.com
Uxjobsboard,Not Know,www.uxjobsboard.com
v0 report,Worldwide,www.v0.report
Valimail,USA,www.valimail.com
Varnish Software,Worldwide,www.varnish-software.com
vast limits,Germany,www.vastlimits.com
Veeva Systems,Worldwide,www.veeva.com
Ventureloop,Not Know,www.ventureloop.com
Vercel,Worldwide,www.vercel.com
Veryfi,Worldwide,www.veryfi.com
Viperdev,Worldwide,www.viperdev.io
Virta Health,USA,www.virtahealth.com
Virtual vocations,Not Know,www.virtualvocations.com
Vivo,Brazil,www.vivo.com.br
VMware,Worldwide,www.vmware.com
voiio,Europe,www.voiio.de
Vollna,Not Know,www.vollna.com
Vox Media (Product Team),"USA, UK",www.voxmedia.com
Voxy,"Brazil, USA",www.boards.greenhouse.io
VSHN,Switzerland,www.vshn.ch
Vue jobs,Not Know,www.vuejobs.com
WalletHub,USA,www.wallethub.com
Wawasia,Not Know,www.wawasia.com
We work remotely,Not Know,www.weworkremotely.com
Weareasync,Not Know,www.weareasync.com
Web3,Not Know,www.web3.career
WebDevStudios,USA,www.webdevstudios.com
WebFX,Worldwide,www.webfx.com
Webikon,Worldwide,www.webikon.sk
Webrunners,Europe,www.webrunners.de
WebScrapingHQ,India,www.webscrapinghq.com
Wejob,Not Know,www.wejob.ch
Wellfound,Not Know,www.wellfound.com
Wellfound,Not Know,www.wellfound.io
Wells Fargo,USA,www.wellsfargo.com
wemake.services,Worldwide,www.wemake.services
WeMakeMVP,Worldwide,www.wemakemvp.com
Wfh,Not Know,www.wfh.io
Whitecap SEO,USA,www.whitecapseo.com
Whitespectre,Worldwide,www.whitespectre.com
Whoishiring,Not Know,www.whoishiring.io
WikiHow,PST Timezone,www.wikihow.com
Wikimedia Foundation,Worldwide,www.wikimediafoundation.org
Wildbit,Worldwide,www.wildbit.com
"Willings,Inc",Japan,www.willings.co.jp
Wingify,India,www.wingify.com
Wipro,India,www.wipro.com
WireFuture,"India, USA",www.wirefuture.com
Wizeline,Worldwide,www.wizeline.com
Wolfram,Worldwide,www.wolfram.com
Wolverine Trading,"USA, UK",www.wolve.com
Wombat Security Technologies,USA,www.wombatsecurity.com
Workana,Not Know,www.workana.com
Working nomads,Not Know,www.workingnomads.com
Working Nomads,Not Know,www.workingnomads.co
Workingnotworking,Not Know,www.workingnotworking.com
Worldwideteams,Not Know,www.worldwideteams.com
Wphired,Not Know,www.wphired.com
WP-Media,Worldwide,www.wp-media.me
Wyeworks,"North America, Latin America",www.wyeworks.com
Xapo,Worldwide,www.xapo.com
XP Inc,Brazil,www.xpi.com.br
X-Team,Worldwide,www.x-team.com
XWP,Worldwide,www.xwp.co
Yahoo!,Worldwide,www.yahooinc.com
Yandex,Worldwide,www.yandex.com
YAZIO,Europe,www.yazio.com
Yodo1,Worldwide,www.yodo1.com
Yonder,Worldwide,www.yonder.io
You are launched,"Ukraine, Poland",www.urlaunched.com
You Need A Budget,Worldwide,www.youneedabudget.com
YouCanBook.me Ltd,Worldwide,www.youcanbook.me
ZAMP,Brazil,www.zamp.com.br
Zaneffi,Worldwide,www.zaneffi.com
Zapier,Worldwide,www.zapier.com
Zeit.io,"Germany, The Netherlands, Spain, Chile",www.zeit.io
Zemoso,"USA, Canada, India",www.zemosolabs.com
ZenRows,Worldwide,www.zenrows.com
Zignaly.com,Worldwide,www.zignaly.io
Zip.co,"USA, Canada",www.zip.co
Ziprecruiter,Not Know,www.ziprecruiter.com
Zolar,Germany,www.zolar.de
ZooTools,Worldwide,www.zootools.co
Zuhause jobs,Not Know,www.zuhausejobs.com
Zup,Brazil,www.zup.com.br
